run_id,experiment,task,peft_method,precision,lora_rank,prefix_num_virtual_tokens,seed,max_steps,learning_rate,per_device_train_batch_size,gradient_accumulation_steps,max_seq_length,task_acc,task_acc_norm,eval_n,trainable_params,total_params,trainable_pct,peak_vram_gb,train_seconds,eval_seconds,train_tokens_per_sec,acc_per_param,acc_per_gpu_hour
smoke__sst2_lora_r4_trained,smoke,sst2,lora,bf16,4,,0,50,0.0002,8,2,128,0.92,0.92,200,544768,1544259072,0.03527698233266393,5.340361216,9.119306093081832,4.24797660857439,1644.7523360772673,1.6887922932330829e-06,363.1855281744056
exp1__full__gsm8k__seed0,exp1,gsm8k,full,bf16,,,0,3000,1e-05,4,8,512,0.544,,500,1543714304,1543714304,100.0,22.462018048,3173.292264489457,852.9285721164197,5629.712144675149,3.5239681240914384e-10,0.6171508442242657
exp1__full__gsm8k__seed1,exp1,gsm8k,full,bf16,,,1,3000,1e-05,4,8,512,0.562,,500,1543714304,1543714304,100.0,22.518976512,3299.0433462797664,770.8816440091468,5415.12193834783,3.6405700105503465e-10,0.6132686926594957
exp1__full__hellaswag__seed0,exp1,hellaswag,full,bf16,,,0,2000,1e-05,8,4,256,0.479,0.6055,2000,1543714304,1543714304,100.0,18.203894784,962.2180333421566,33.807472927030176,5149.080383362768,3.9223579028260403e-10,2.2653909243715886
exp1__full__hellaswag__seed1,exp1,hellaswag,full,bf16,,,1,2000,1e-05,8,4,256,0.4765,0.605,2000,1543714304,1543714304,100.0,18.21718528,976.3057039552368,38.07920145755634,5074.781372195243,3.9191189615355145e-10,2.2308586246873556
exp1__full__hellaswag__seed2,exp1,hellaswag,full,bf16,,,2,2000,1e-05,8,4,256,0.478,0.608,2000,1543714304,1543714304,100.0,18.225514496,980.2531459010206,33.733057998120785,5054.345421606304,3.938552609278666e-10,2.2328926044793436
exp1__full__sst2__seed0,exp1,sst2,full,bf16,,,0,1000,1e-05,16,2,128,0.9529816513761468,0.9529816513761468,872,1543714304,1543714304,100.0,17.794710528,208.9477667491883,13.399412312079221,2871.5262638830322,6.173303239510222e-10,16.419098410715392
exp1__full__gsm8k__seed2,exp1,gsm8k,full,bf16,,,2,3000,1e-05,4,8,512,0.556,,500,1543714304,1543714304,100.0,22.464442368,3173.4820663779974,780.0971573870629,5629.375438818727,3.601702715064044e-10,0.6307267405750598
exp1__full__sst2__seed1,exp1,sst2,full,bf16,,,1,1000,1e-05,16,2,128,0.9529816513761468,0.9529816513761468,872,1543714304,1543714304,100.0,17.658025472,208.00809059478343,12.228510478977114,2884.4983783291705,6.173303239510222e-10,16.493271656617797
exp1__full__sst2__seed2,exp1,sst2,full,bf16,,,2,1000,1e-05,16,2,128,0.9541284403669725,0.9541284403669725,872,1543714304,1543714304,100.0,17.71769088,200.38720153830945,12.054028920829296,2994.1982092369003,6.180732003938032e-10,17.141126573717003
exp1__lora_r16__gsm8k__seed0,exp1,gsm8k,lora,bf16,16,,0,3000,0.0002,4,8,512,0.524,,500,2179072,1545893376,0.1409587513492263,11.962366464,2462.3514941991307,1076.3971258685924,7255.1469772232595,2.4046933740601504e-07,0.7660969623727678
exp1__lora_r16__gsm8k__seed1,exp1,gsm8k,lora,bf16,16,,1,3000,0.0002,4,8,512,0.512,,500,2179072,1545893376,0.1409587513492263,11.990350336,2402.849030248821,1093.4616181086749,7434.808335898683,2.349624060150376e-07,0.767089391300265
exp1__lora_r16__hellaswag__seed0,exp1,hellaswag,lora,bf16,16,,0,2000,0.0002,8,4,256,0.489,0.612,2000,2179072,1545893376,0.1409587513492263,8.268030976,709.3588773887604,46.969541342929006,6984.5294926572,2.808535009398496e-07,3.1059031898074743
exp1__lora_r16__hellaswag__seed1,exp1,hellaswag,lora,bf16,16,,1,2000,0.0002,8,4,256,0.487,0.6125,2000,2179072,1545893376,0.1409587513492263,8.268030976,743.1312192995101,46.6923780888319,6667.110560460968,2.810829564144737e-07,2.9671744945374194
exp1__lora_r16__hellaswag__seed2,exp1,hellaswag,lora,bf16,16,,2,2000,0.0002,8,4,256,0.487,0.612,2000,2179072,1545893376,0.1409587513492263,8.268030976,824.8725221809,49.88629054091871,6006.4287108274375,2.808535009398496e-07,2.6709581671782536
exp1__lora_r16__sst2__seed0,exp1,sst2,lora,bf16,16,,0,1000,0.0002,16,2,128,0.9587155963302753,0.9587155963302753,872,2179072,1545893376,0.1409587513492263,7.872082432,184.79202748835087,18.53778912127018,3246.8879104528655,4.3996508437090434e-07,18.677083604196955
exp1__lora_r16__sst2__seed1,exp1,sst2,lora,bf16,16,,1,1000,0.0002,16,2,128,0.9587155963302753,0.9587155963302753,872,2179072,1545893376,0.1409587513492263,7.863361536,169.90470074303448,20.00003276951611,3531.385520094846,4.3996508437090434e-07,20.31360010461915
exp1__lora_r16__sst2__seed2,exp1,sst2,lora,bf16,16,,2,1000,0.0002,16,2,128,0.9564220183486238,0.9564220183486238,872,2179072,1545893376,0.1409587513492263,7.804250112,171.9857966620475,17.701842607930303,3488.654363586776,4.389125363221701e-07,20.019788452768474
exp1__lora_r16__gsm8k__seed2,exp1,gsm8k,lora,bf16,16,,2,3000,0.0002,4,8,512,0.522,,500,2179072,1545893376,0.1409587513492263,11.974584832,2682.5397061589174,1083.1809444120154,6659.630036037822,2.395515155075188e-07,0.7005301713467624
exp1__lora_r32__gsm8k__seed0,exp1,gsm8k,lora,bf16,32,,0,3000,0.0002,4,8,512,0.484,,500,4358144,1548072448,0.28152067467064695,12.005161472,2530.4143595322967,1115.5633296538144,7059.998664922999,1.1105644971804512e-07,0.6885828771229595
exp1__lora_r32__gsm8k__seed1,exp1,gsm8k,lora,bf16,32,,1,3000,0.0002,4,8,512,0.522,,500,4358144,1548072448,0.28152067467064695,12.033145344,2629.868678305298,1070.8571611549705,6793.009151891237,1.197757577537594e-07,0.714560394403787
exp1__lora_r32__hellaswag__seed0,exp1,hellaswag,lora,bf16,32,,0,2000,0.0002,8,4,256,0.49,0.617,2000,4358144,1548072448,0.28152067467064695,8.309277696,703.7812149859965,45.80683289794251,7039.883836766776,1.415740278430451e-07,3.156094468995164
exp1__lora_r32__hellaswag__seed1,exp1,hellaswag,lora,bf16,32,,1,2000,0.0002,8,4,256,0.491,0.6125,2000,4358144,1548072448,0.28152067467064695,8.309277696,707.3591625038534,46.86051646107808,7004.2748615319015,1.4054147820723686e-07,3.1172283005353565
exp1__lora_r32__hellaswag__seed2,exp1,hellaswag,lora,bf16,32,,2,2000,0.0002,8,4,256,0.4945,0.6215,2000,4358144,1548072448,0.28152067467064695,8.309277696,707.341083610896,45.863441871944815,7004.453883418796,1.426065774788534e-07,3.1631133152599125
exp1__lora_r32__sst2__seed0,exp1,sst2,lora,bf16,32,,0,1000,0.0002,16,2,128,0.9587155963302753,0.9587155963302753,872,4358144,1548072448,0.28152067467064695,7.913185792,171.79653791897,17.819466900080442,3492.4976211278317,2.1998254218545217e-07,20.089905120305023
exp1__lora_r32__sst2__seed1,exp1,sst2,lora,bf16,32,,1,1000,0.0002,16,2,128,0.9621559633027523,0.9621559633027523,872,4358144,1548072448,0.28152067467064695,7.895748608,173.54968468518928,17.924568806309253,3457.2174595901406,2.2077195322200284e-07,19.958327634953665
exp1__lora_r32__gsm8k__seed2,exp1,gsm8k,lora,bf16,32,,2,3000,0.0002,4,8,512,0.508,,500,4358144,1548072448,0.28152067467064695,12.01737984,2457.325514016673,1195.480053037405,7269.985965676498,1.1656338110902255e-07,0.7442237463325307
exp1__lora_r32__sst2__seed2,exp1,sst2,lora,bf16,32,,2,1000,0.0002,16,2,128,0.9506880733944955,0.9506880733944955,872,4358144,1548072448,0.28152067467064695,7.8453248,160.0141955348663,16.766199392732233,3749.661072221953,2.1814058310016727e-07,21.38858401143818
exp1__lora_r4__gsm8k__seed0,exp1,gsm8k,lora,bf16,4,,0,3000,0.0002,4,8,512,0.546,,500,544768,1544259072,0.03527698233266393,11.930270208,2442.1727129574865,1131.1070771533996,7315.093607104352,1.0022615131578947e-06,0.8048570805705408
exp1__lora_r4__gsm8k__seed1,exp1,gsm8k,lora,bf16,4,,1,3000,0.0002,4,8,512,0.558,,500,544768,1544259072,0.03527698233266393,11.95825408,2473.989195236936,1108.4049608400092,7221.018602019028,1.0242892387218046e-06,0.811967976201131
exp1__lora_r4__hellaswag__seed0,exp1,hellaswag,lora,bf16,4,,0,2000,0.0002,8,4,256,0.482,0.604,2000,544768,1544259072,0.03527698233266393,8.2370816,694.4390542078763,45.064142575953156,7134.590098264963,1.1087288533834586e-06,3.1311603038804696
exp1__lora_r4__hellaswag__seed1,exp1,hellaswag,lora,bf16,4,,1,2000,0.0002,8,4,256,0.4805,0.595,2000,544768,1544259072,0.03527698233266393,8.2370816,699.5666779400781,45.59990433603525,7082.295592736029,1.0922080592105262e-06,3.0618954097517417
exp1__lora_r4__hellaswag__seed2,exp1,hellaswag,lora,bf16,4,,2,2000,0.0002,8,4,256,0.48,0.605,2000,544768,1544259072,0.03527698233266393,8.2370816,724.5458955429494,50.130557637196034,6838.128585749895,1.1105644971804511e-06,3.0060207550660163
exp1__lora_r4__sst2__seed0,exp1,sst2,lora,bf16,4,,0,1000,0.0002,16,2,128,0.9506880733944955,0.9506880733944955,872,544768,1544259072,0.03527698233266393,7.841276416,171.05389744834974,17.52607924863696,3507.660503211694,1.7451246648013382e-06,20.00817938248739
exp1__lora_r4__sst2__seed2,exp1,sst2,lora,bf16,4,,2,1000,0.0002,16,2,128,0.9541284403669725,0.9541284403669725,872,544768,1544259072,0.03527698233266393,7.773444096,173.49401250481606,17.303672888781875,3458.326839857626,1.7514399530937435e-06,19.79816096089052
exp1__lora_r4__gsm8k__seed2,exp1,gsm8k,lora,bf16,4,,2,3000,0.0002,4,8,512,0.552,,500,544768,1544259072,0.03527698233266393,11.942488576,2447.1192324347794,1168.9958040490746,7300.307137967022,1.0132753759398498e-06,0.8120568763716596
exp1__lora_r64__gsm8k__seed0,exp1,gsm8k,lora,bf16,64,,0,3000,0.0002,4,8,512,0.486,,500,8716288,1552430592,0.5614607213305933,12.090751488,2523.8611591202207,1093.7469931929372,7078.329937224981,5.5757680333646615e-08,0.6932235529984081
exp1__lora_r64__gsm8k__seed1,exp1,gsm8k,lora,bf16,64,,1,3000,0.0002,4,8,512,0.462,,500,8716288,1552430592,0.5614607213305933,12.11873536,2448.734251599759,1205.3752512875944,7295.492350110663,5.3004214638157896e-08,0.6792080434671223
exp1__lora_r64__hellaswag__seed0,exp1,hellaswag,lora,bf16,64,,0,2000,0.0002,8,4,256,0.496,0.622,2000,8716288,1552430592,0.5614607213305933,8.391799808,719.9884399864823,46.63112657517195,6881.413262819916,7.136065260808271e-08,3.11004993363788
exp1__lora_r64__hellaswag__seed1,exp1,hellaswag,lora,bf16,64,,1,2000,0.0002,8,4,256,0.4965,0.617,2000,8716288,1552430592,0.5614607213305933,8.391799808,705.5286150444299,46.941514045000076,7022.447983471221,7.078701392152255e-08,3.148277692266418
exp1__lora_r64__hellaswag__seed2,exp1,hellaswag,lora,bf16,64,,2,2000,0.0002,8,4,256,0.498,0.6215,2000,8716288,1552430592,0.5614607213305933,8.391799808,728.9395781550556,46.79132797010243,6796.911772221127,7.13032887394267e-08,3.06939020331816
exp1__lora_r64__sst2__seed0,exp1,sst2,lora,bf16,64,,0,1000,0.0002,16,2,128,0.963302752293578,0.963302752293578,872,8716288,1552430592,0.5614607213305933,7.995392512,171.75050484389067,17.206099743023515,3493.433690604622,1.1051754511709319e-07,20.191439387086245
exp1__lora_r64__gsm8k__seed2,exp1,gsm8k,lora,bf16,64,,2,3000,0.0002,4,8,512,0.502,,500,8716288,1552430592,0.5614607213305933,12.102969856,2490.483996472787,1078.8094464889728,7173.192851390082,5.75933241306391e-08,0.7256420850563562
exp1__lora_r64__sst2__seed1,exp1,sst2,lora,bf16,64,,1,1000,0.0002,16,2,128,0.963302752293578,0.963302752293578,872,8716288,1552430592,0.5614607213305933,7.960522752,171.48482893779874,17.639706579968333,3498.8459545749824,1.1051754511709319e-07,20.222721331895546
exp1__lora_r64__sst2__seed2,exp1,sst2,lora,bf16,64,,2,1000,0.0002,16,2,128,0.9598623853211009,0.9598623853211009,872,8716288,1552430592,0.5614607213305933,7.927474176,172.02140093175694,18.466263833921403,3487.932296505521,1.1012283959881785e-07,20.087643563179707
exp1__lora_r8__gsm8k__seed0,exp1,gsm8k,lora,bf16,8,,0,3000,0.0002,4,8,512,0.532,,500,1089536,1544803840,0.07052908413277896,11.94096896,2442.2868060376495,1093.415327489376,7314.7518775583985,4.8828125e-07,0.7841830841756086
exp1__lora_r8__gsm8k__seed1,exp1,gsm8k,lora,bf16,8,,1,3000,0.0002,4,8,512,0.552,,500,1089536,1544803840,0.07052908413277896,11.968952832,2392.140202454757,1082.5445674541406,7468.091536469163,5.066376879699249e-07,0.830720539691103
exp1__lora_r8__hellaswag__seed0,exp1,hellaswag,lora,bf16,8,,0,2000,0.0002,8,4,256,0.485,0.604,2000,1089536,1544803840,0.07052908413277896,8.247407616,689.3557844217867,46.760524053126574,7187.200154062296,5.543644266917293e-07,3.1542492993278195
exp1__lora_r8__hellaswag__seed1,exp1,hellaswag,lora,bf16,8,,1,2000,0.0002,8,4,256,0.4815,0.606,2000,1089536,1544803840,0.07052908413277896,8.247407616,700.562413264066,47.36733703315258,7072.229263508125,5.562000704887218e-07,3.114069437204705
exp1__lora_r8__hellaswag__seed2,exp1,hellaswag,lora,bf16,8,,2,2000,0.0002,8,4,256,0.483,0.607,2000,1089536,1544803840,0.07052908413277896,8.247407616,698.9473351798952,46.5549884531647,7088.571270859486,5.571178923872181e-07,3.1264158113394522
exp1__lora_r8__sst2__seed0,exp1,sst2,lora,bf16,8,,0,1000,0.0002,16,2,128,0.9575688073394495,0.9575688073394495,872,1089536,1544803840,0.07052908413277896,7.851545088,170.03540779836476,17.926239060238004,3528.6709266549024,8.788776206930744e-07,20.273705053890374
exp1__lora_r8__sst2__seed1,exp1,sst2,lora,bf16,8,,1,1000,0.0002,16,2,128,0.9598623853211009,0.9598623853211009,872,1089536,1544803840,0.07052908413277896,7.847182336,165.97265829518437,16.947357019409537,3615.0472382800217,8.809827167905428e-07,20.819721890640004
exp1__lora_r8__sst2__seed2,exp1,sst2,lora,bf16,8,,2,1000,0.0002,16,2,128,0.9529816513761468,0.9529816513761468,872,1089536,1544803840,0.07052908413277896,7.783712768,164.28107727319002,17.016202084720135,3652.2709125058636,8.746674284981375e-07,20.883317798367088
exp1__lora_r8__gsm8k__seed2,exp1,gsm8k,lora,bf16,8,,2,3000,0.0002,4,8,512,0.546,,500,1089536,1544803840,0.07052908413277896,11.953187328,2370.774714294821,1050.751956384629,7535.3941866693995,5.011307565789474e-07,0.8290960706423179
exp1__lora_r4__sst2__seed1,exp1,sst2,lora,bf16,4,,1,1000,0.0002,16,2,128,0.9529816513761468,0.9529816513761468,872,544768,1544259072,0.03527698233266393,7.839092736,165.69111186265945,17.677564788609743,3621.19001589739,1.749334856996275e-06,20.705600357114186
exp2__lora_r16_int4__sst2__seed0,exp2,sst2,lora,int4,16,,0,1000,0.0002,16,2,128,0.9541284403669725,0.9541284403669725,872,2179072,890795520,0.24462089795871447,4.37559552,401.2541570197791,42.20280820131302,1495.3091189293875,4.378599882734359e-07,8.560316012257005
exp2__lora_r16_fp32__gsm8k__seed1,exp2,gsm8k,lora,fp32,16,,1,3000,0.0002,2,16,512,0.49,,500,2179072,1545893376,0.1409587513492263,12.762917888,7545.437407409772,1115.8736332319677,2367.619136626391,2.2486636513157894e-07,0.23378366352462435
exp2__lora_r16_fp32__gsm8k__seed0,exp2,gsm8k,lora,fp32,16,,0,3000,0.0002,2,16,512,0.498,,500,2179072,1545893376,0.1409587513492263,12.767828992,7910.675440695137,1114.3497462850064,2258.3055181480395,2.285376527255639e-07,0.2266304582257594
exp2__lora_r16_fp32__gsm8k__seed2,exp2,gsm8k,lora,fp32,16,,2,3000,0.0002,2,16,512,0.508,,500,2179072,1545893376,0.1409587513492263,12.765477888,7448.915402539074,1068.6798308081925,2398.2984145464375,2.331267622180451e-07,0.24551225261286042
exp2__lora_r16_int4__gsm8k__seed0,exp2,gsm8k,lora,int4,16,,0,3000,0.0002,4,8,512,0.46,,500,2179072,890795520,0.24462089795871447,6.265319936,6251.3331660069525,2270.152657918632,2857.745944040144,2.1109903665413536e-07,0.26490349434659427
exp2__lora_r16_int4__gsm8k__seed2,exp2,gsm8k,lora,int4,16,,2,3000,0.0002,4,8,512,0.48,,500,2179072,890795520,0.24462089795871447,6.265713152,6360.624943735078,2249.2131754904985,2808.6425717642614,2.2027725563909775e-07,0.2716714183410547
exp2__lora_r16_int4__gsm8k__seed1,exp2,gsm8k,lora,int4,16,,1,3000,0.0002,4,8,512,0.448,,500,2179072,890795520,0.24462089795871447,6.264795648,6638.363867100328,2466.8490661792457,2691.133290920885,2.055921052631579e-07,0.24295143084774584
exp2__lora_r16_fp32__hellaswag__seed1,exp2,hellaswag,lora,fp32,16,,1,2000,0.0002,4,8,256,0.486,0.6095,2000,2179072,1545893376,0.1409587513492263,9.993821184,2413.6095816530287,74.2085887324065,2052.7503858377727,2.7970622356672933e-07,0.9090948331822747
exp2__lora_r16_fp32__hellaswag__seed0,exp2,hellaswag,lora,fp32,16,,0,2000,0.0002,4,8,256,0.4875,0.613,2000,2179072,1545893376,0.1409587513492263,9.993816576,2537.9617736637592,81.3700994644314,1952.1720348245087,2.8131241188909775e-07,0.8695166424095901
exp2__lora_r16_int4__hellaswag__seed0,exp2,hellaswag,lora,int4,16,,0,2000,0.0002,8,4,256,0.487,0.606,2000,2179072,890795520,0.24462089795871447,4.547617792,2062.1425711363554,98.65256188064814,2402.616613103416,2.781000352443609e-07,1.0579287923811287
exp2__lora_r16_fp32__hellaswag__seed2,exp2,hellaswag,lora,fp32,16,,2,2000,0.0002,4,8,256,0.485,0.612,2000,2179072,1545893376,0.1409587513492263,9.995459584,2301.9190737698227,73.07028523087502,2152.3510780446413,2.808535009398496e-07,0.9571144464222403
exp2__lora_r16_int4__hellaswag__seed1,exp2,hellaswag,lora,int4,16,,1,2000,0.0002,8,4,256,0.483,0.601,2000,2179072,890795520,0.24462089795871447,4.546388992,2034.7260383907706,95.52697587572038,2434.990218102511,2.7580548049812027e-07,1.0633372548331634
exp2__lora_r16_int4__hellaswag__seed2,exp2,hellaswag,lora,int4,16,,2,2000,0.0002,8,4,256,0.485,0.602,2000,2179072,890795520,0.24462089795871447,4.546782208,2355.983807500452,99.58820084109902,2102.9592751133755,2.762643914473684e-07,0.9198704987277738
exp2__lora_r16_fp32__sst2__seed0,exp2,sst2,lora,fp32,16,,0,1000,0.0002,8,4,128,0.9529816513761468,0.9529816513761468,872,2179072,1545893376,0.1409587513492263,9.709653504,424.62639877945185,18.0675035584718,1413.0044710471134,4.3733371424906875e-07,8.079417471017926
exp2__lora_r16_fp32__sst2__seed1,exp2,sst2,lora,fp32,16,,1,1000,0.0002,8,4,128,0.9575688073394495,0.9575688073394495,872,2179072,1545893376,0.1409587513492263,9.701476352,409.5025022197515,17.189521560445428,1465.1900702624334,4.394388103465372e-07,8.41813587886728
exp2__lora_r16_fp32__sst2__seed2,exp2,sst2,lora,fp32,16,,2,1000,0.0002,8,4,128,0.9552752293577982,0.9552752293577982,872,2179072,1545893376,0.1409587513492263,9.661303296,425.9495730958879,18.240550592541695,1408.615098822815,4.38386262297803e-07,8.073704125802475
exp2__lora_r16_int4__sst2__seed1,exp2,sst2,lora,int4,16,,1,1000,0.0002,16,2,128,0.9529816513761468,0.9529816513761468,872,2179072,890795520,0.24462089795871447,4.366088192,575.8959566075355,39.13197460025549,1041.853121411808,4.3733371424906875e-07,5.957211377492136
exp2__lora_r16_int4__sst2__seed2,exp2,sst2,lora,int4,16,,2,1000,0.0002,16,2,128,0.9529816513761468,0.9529816513761468,872,2179072,890795520,0.24462089795871447,4.344619008,519.1402610559016,39.8781602550298,1155.7550916579582,4.3733371424906875e-07,6.608491389159862
exp3__prefix20__sst2__seed0,exp3,sst2,prefix,bf16,,20,0,1000,0.001,16,2,128,0.5470183486238532,0.5470183486238532,872,286720,1544001024,0.018569935870716106,7.615575552,138.67712241085246,15.109495563898236,4326.589631867396,1.9078485931356487e-06,14.200367160861731
exp3__ia3__sst2__seed0,exp3,sst2,ia3,bf16,,,0,1000,0.003,16,2,128,0.9518348623853211,0.9518348623853211,872,265216,1543979520,0.017177429918241404,8.733733376,145.61116527067497,14.726525316946208,4120.55626973844,3.5889043737380894e-06,23.53257388070123
exp3__ia3__gsm8k__seed0,exp3,gsm8k,ia3,bf16,,,0,3000,0.003,4,8,512,0.462,,500,265216,1543979520,0.017177429918241404,13.51960832,2473.8145633828826,969.0416655992158,7221.528349146112,1.7419763513513515e-06,0.6723220182379449
exp3__ia3__gsm8k__seed1,exp3,gsm8k,ia3,bf16,,,1,3000,0.003,4,8,512,0.476,,500,265216,1543979520,0.017177429918241404,13.577882112,2544.981086392887,960.1003821738996,7019.589298921059,1.7947635135135134e-06,0.6733252396892113
exp3__prefix20__gsm8k__seed0,exp3,gsm8k,prefix,bf16,,20,0,3000,0.001,4,8,512,0.264,,500,286720,1544001024,0.018569935870716106,11.41927936,2328.218132211361,799.4895496377721,7673.130688588847,9.207589285714286e-07,0.4082091737243289
exp3__ia3__gsm8k__seed2,exp3,gsm8k,ia3,bf16,,,2,3000,0.003,4,8,512,0.488,,500,265216,1543979520,0.017177429918241404,13.520656896,2522.1549577559344,957.0651498939842,7083.11832509093,1.8400096525096526e-06,0.6965472103915048
exp3__prefix20__gsm8k__seed1,exp3,gsm8k,prefix,bf16,,20,1,3000,0.001,4,8,512,0.242,,500,286720,1544001024,0.018569935870716106,11.419664384,2297.775151317939,821.708067020867,7774.791188664956,8.440290178571428e-07,0.37914936955441625
exp3__prefix20__gsm8k__seed2,exp3,gsm8k,prefix,bf16,,20,2,3000,0.001,4,8,512,0.298,,500,286720,1544001024,0.018569935870716106,11.421110272,2238.1034183958545,772.8717375863343,7982.080655059461,1.0393415178571428e-06,0.4793344182320771
exp3__ia3__hellaswag__seed1,exp3,hellaswag,ia3,bf16,,,1,2000,0.003,8,4,256,0.484,0.6105,2000,265216,1543979520,0.017177429918241404,9.14233856,693.6521202549338,40.63469567988068,7142.684142851157,2.3018973214285714e-06,3.168447029603623
exp3__ia3__hellaswag__seed0,exp3,hellaswag,ia3,bf16,,,0,2000,0.003,8,4,256,0.488,0.613,2000,265216,1543979520,0.017177429918241404,9.14233856,713.4863376431167,40.56054310919717,6944.124559366464,2.3113236003861003e-06,3.092981439966736
exp3__prefix20__hellaswag__seed0,exp3,hellaswag,prefix,bf16,,20,0,2000,0.001,8,4,256,0.382,0.45,2000,286720,1544001024,0.018569935870716106,7.941151744,649.2911233729683,37.21813222998753,7630.688025214224,1.5694754464285714e-06,2.495028719296742
exp3__ia3__hellaswag__seed2,exp3,hellaswag,ia3,bf16,,,2,2000,0.003,8,4,256,0.4835,0.6115,2000,265216,1543979520,0.017177429918241404,9.14233856,694.8051116396673,40.33144679386169,7130.831246056623,2.305667833011583e-06,3.168370472699786
exp3__prefix20__hellaswag__seed2,exp3,hellaswag,prefix,bf16,,20,2,2000,0.001,8,4,256,0.397,0.4695,2000,286720,1544001024,0.018569935870716106,7.941151744,625.5786296920851,35.96555549278855,7919.928470764201,1.6374860491071428e-06,2.701818636023309
exp3__prefix20__hellaswag__seed1,exp3,hellaswag,prefix,bf16,,20,1,2000,0.001,8,4,256,0.3735,0.434,2000,286720,1544001024,0.018569935870716106,7.940447232,648.0131864100695,36.39019466890022,7645.736389173903,1.513671875e-06,2.411062047449289
exp3__ia3__sst2__seed1,exp3,sst2,ia3,bf16,,,1,1000,0.003,16,2,128,0.9495412844036697,0.9495412844036697,872,265216,1543979520,0.017177429918241404,8.731348992,155.67828534496948,15.530883038882166,3854.0956349207895,3.580256411391732e-06,21.957774112673768
exp3__ia3__sst2__seed2,exp3,sst2,ia3,bf16,,,2,1000,0.003,16,2,128,0.9518348623853211,0.9518348623853211,872,265216,1543979520,0.017177429918241404,8.610781184,150.06310812896118,15.47404293436557,3998.311160424407,3.5889043737380894e-06,22.834429776320516
exp3__prefix20__sst2__seed2,exp3,sst2,prefix,bf16,,20,2,1000,0.001,16,2,128,0.5103211009174312,0.5103211009174312,872,286720,1544001024,0.018569935870716106,7.556412416,136.43983694305643,16.456695917993784,4397.53530525261,1.7798587504095675e-06,13.464952791386688
exp3__prefix20__sst2__seed1,exp3,sst2,prefix,bf16,,20,1,1000,0.001,16,2,128,0.5172018348623854,0.5172018348623854,872,286720,1544001024,0.018569935870716106,7.613277184,141.44463251903653,14.857003137934953,4241.935443674388,1.803856845920708e-06,13.163642708421595
